Consultation_Type,Type_Name,MAE,R2,Top10_Overlap,Top10_Accuracy(%),Spearman_Corr
1,Consultation,2.3994845539913925,0.88628509133539,10,100.0,0.9515151515151514
2,Diagnosis,2.425634416534198,0.5870800927747859,10,100.0,0.5272727272727272
3,Mortality,0.13744705552445488,0.20566369986327726,10,100.0,0.8492353916724403
